ID,P28
1,V_28-1
2,V_28-2
3,V_28-3
4,V_28-4
5,V_28-5
6,V_28-6
7,V_28-7
8,V_28-8
9,V_28-9
10,V_28-10
11,V_28-11
12,V_28-12
13,V_28-13
14,V_28-14
15,V_28-15
16,V_28-16
17,V_28-17
18,V_28-18
19,V_28-19
20,V_28-20
21,V_28-21
22,V_28-22
23,V_28-23
24,V_28-24
25,V_28-25
26,V_28-26
27,V_28-27
28,V_28-28
29,V_28-29
30,V_28-30
31,V_28-31
32,V_28-32
33,V_28-33
34,V_28-34
35,V_28-35
36,V_28-36
37,V_28-37
38,V_28-38
39,V_28-39
40,V_28-40
41,V_28-41
42,V_28-42
43,V_28-43
44,V_28-44
45,V_28-45
46,V_28-46
47,V_28-47
48,V_28-48
49,V_28-49
50,V_28-50
51,V_28-51
52,V_28-52
53,V_28-53
54,V_28-54
55,V_28-55
56,V_28-56
57,V_28-57
58,V_28-58
59,V_28-59
60,V_28-60
61,V_28-61
62,V_28-62
63,V_28-63
64,V_28-64
65,V_28-65
66,V_28-66
67,V_28-67
68,V_28-68
69,V_28-69
70,V_28-70
71,V_28-71
72,V_28-72
73,V_28-73
74,V_28-74
75,V_28-75
76,V_28-76
77,V_28-77
78,V_28-78
79,V_28-79
80,V_28-80
81,V_28-81
82,V_28-82
83,V_28-83
84,V_28-84
85,V_28-85
86,V_28-86
87,V_28-87
88,V_28-88
89,V_28-89
90,V_28-90
91,V_28-91
92,V_28-92
93,V_28-93
94,V_28-94
95,V_28-95
96,V_28-96
97,V_28-97
98,V_28-98
99,V_28-99
100,V_28-100
101,V_28-101
102,V_28-102
103,V_28-103
104,V_28-104
105,V_28-105
106,V_28-106
107,V_28-107
108,V_28-108
109,V_28-109
110,V_28-110
111,V_28-111
112,V_28-112
113,V_28-113
114,V_28-114
115,V_28-115
116,V_28-116
117,V_28-117
118,V_28-118
119,V_28-119
120,V_28-120
121,V_28-121
122,V_28-122
123,V_28-123
124,V_28-124
125,V_28-125
126,V_28-126
127,V_28-127
128,V_28-128
129,V_28-129
130,V_28-130
131,V_28-131
132,V_28-132
133,V_28-133
134,V_28-134
135,V_28-135
136,V_28-136
137,V_28-137
138,V_28-138
139,V_28-139
140,V_28-140
141,V_28-141
142,V_28-142
143,V_28-143
144,V_28-144
145,V_28-145
146,V_28-146
147,V_28-147
148,V_28-148
149,V_28-149
150,V_28-150
151,V_28-151
152,V_28-152
153,V_28-153
154,V_28-154
155,V_28-155
156,V_28-156
157,V_28-157
158,V_28-158
159,V_28-159
160,V_28-160
161,V_28-161
162,V_28-162
163,V_28-163
164,V_28-164
165,V_28-165
166,V_28-166
167,V_28-167
168,V_28-168
169,V_28-169
170,V_28-170
171,V_28-171
172,V_28-172
173,V_28-173
174,V_28-174
175,V_28-175
176,V_28-176
177,V_28-177
178,V_28-178
179,V_28-179
180,V_28-180
181,V_28-181
182,V_28-182
183,V_28-183
184,V_28-184
185,V_28-185
186,V_28-186
187,V_28-187
188,V_28-188
189,V_28-189
190,V_28-190
191,V_28-191
192,V_28-192
193,V_28-193
194,V_28-194
195,V_28-195
196,V_28-196
197,V_28-197
198,V_28-198
199,V_28-199
200,V_28-200
201,V_28-201
202,V_28-202
203,V_28-203
204,V_28-204
205,V_28-205
206,V_28-206
207,V_28-207
208,V_28-208
209,V_28-209
210,V_28-210
211,V_28-211
212,V_28-212
213,V_28-213
214,V_28-214
215,V_28-215
216,V_28-216
217,V_28-217
218,V_28-218
219,V_28-219
220,V_28-220
221,V_28-221
222,V_28-222
223,V_28-223
224,V_28-224
225,V_28-225
226,V_28-226
227,V_28-227
228,V_28-228
229,V_28-229
230,V_28-230
231,V_28-231
232,V_28-232
233,V_28-233
234,V_28-234
235,V_28-235
236,V_28-236
237,V_28-237
238,V_28-238
239,V_28-239
240,V_28-240
241,V_28-241
242,V_28-242
243,V_28-243
244,V_28-244
245,V_28-245
246,V_28-246
247,V_28-247
248,V_28-248
249,V_28-249
250,V_28-250
251,V_28-251
252,V_28-252
253,V_28-253
254,V_28-254
255,V_28-255
256,V_28-256
257,V_28-257
258,V_28-258
259,V_28-259
260,V_28-260
261,V_28-261
262,V_28-262
263,V_28-263
264,V_28-264
265,V_28-265
266,V_28-266
267,V_28-267
268,V_28-268
269,V_28-269
270,V_28-270
271,V_28-271
272,V_28-272
273,V_28-273
274,V_28-274
275,V_28-275
276,V_28-276
277,V_28-277
278,V_28-278
279,V_28-279
280,V_28-280
281,V_28-281
282,V_28-282
283,V_28-283
284,V_28-284
285,V_28-285
286,V_28-286
287,V_28-287
288,V_28-288
289,V_28-289
290,V_28-290
291,V_28-291
292,V_28-292
293,V_28-293
294,V_28-294
295,V_28-295
296,V_28-296
297,V_28-297
298,V_28-298
299,V_28-299
300,V_28-300
301,V_28-301
302,V_28-302
303,V_28-303
304,V_28-304
305,V_28-305
306,V_28-306
307,V_28-307
308,V_28-308
309,V_28-309
310,V_28-310
311,V_28-311
312,V_28-312
313,V_28-313
314,V_28-314
315,V_28-315
316,V_28-316
317,V_28-317
318,V_28-318
319,V_28-319
320,V_28-320
321,V_28-321
322,V_28-322
323,V_28-323
324,V_28-324
325,V_28-325
326,V_28-326
327,V_28-327
328,V_28-328
329,V_28-329
330,V_28-330
331,V_28-331
332,V_28-332
333,V_28-333
334,V_28-334
335,V_28-335
336,V_28-336
337,V_28-337
338,V_28-338
339,V_28-339
340,V_28-340
341,V_28-341
342,V_28-342
343,V_28-343
344,V_28-344
345,V_28-345
346,V_28-346
347,V_28-347
348,V_28-348
349,V_28-349
350,V_28-350
351,V_28-351
352,V_28-352
353,V_28-353
354,V_28-354
355,V_28-355
356,V_28-356
357,V_28-357
358,V_28-358
359,V_28-359
360,V_28-360
361,V_28-361
362,V_28-362
363,V_28-363
364,V_28-364
365,V_28-365
366,V_28-366
367,V_28-367
368,V_28-368
369,V_28-369
370,V_28-370
371,V_28-371
372,V_28-372
373,V_28-373
374,V_28-374
375,V_28-375
376,V_28-376
377,V_28-377
378,V_28-378
379,V_28-379
380,V_28-380
381,V_28-381
382,V_28-382
383,V_28-383
384,V_28-384
385,V_28-385
386,V_28-386
387,V_28-387
388,V_28-388
389,V_28-389
390,V_28-390
391,V_28-391
392,V_28-392
393,V_28-393
394,V_28-394
395,V_28-395
396,V_28-396
397,V_28-397
398,V_28-398
399,V_28-399
400,V_28-400
401,V_28-401
402,V_28-402
403,V_28-403
404,V_28-404
405,V_28-405
406,V_28-406
407,V_28-407
408,V_28-408
409,V_28-409
410,V_28-410
411,V_28-411
412,V_28-412
413,V_28-413
414,V_28-414
415,V_28-415
416,V_28-416
417,V_28-417
418,V_28-418
419,V_28-419
420,V_28-420
421,V_28-421
422,V_28-422
423,V_28-423
424,V_28-424
425,V_28-425
426,V_28-426
427,V_28-427
428,V_28-428
429,V_28-429
430,V_28-430
431,V_28-431
432,V_28-432
433,V_28-433
434,V_28-434
435,V_28-435
436,V_28-436
437,V_28-437
438,V_28-438
439,V_28-439
440,V_28-440
441,V_28-441
442,V_28-442
443,V_28-443
444,V_28-444
445,V_28-445
446,V_28-446
447,V_28-447
448,V_28-448
449,V_28-449
450,V_28-450
451,V_28-451
452,V_28-452
453,V_28-453
454,V_28-454
455,V_28-455
456,V_28-456
457,V_28-457
458,V_28-458
459,V_28-459
460,V_28-460
461,V_28-461
462,V_28-462
463,V_28-463
464,V_28-464
465,V_28-465
466,V_28-466
467,V_28-467
468,V_28-468
469,V_28-469
470,V_28-470
471,V_28-471
472,V_28-472
473,V_28-473
474,V_28-474
475,V_28-475
476,V_28-476
477,V_28-477
478,V_28-478
479,V_28-479
480,V_28-480
481,V_28-481
482,V_28-482
483,V_28-483
484,V_28-484
485,V_28-485
486,V_28-486
487,V_28-487
488,V_28-488
489,V_28-489
490,V_28-490
491,V_28-491
492,V_28-492
493,V_28-493
494,V_28-494
495,V_28-495
496,V_28-496
497,V_28-497
498,V_28-498
499,V_28-499
500,V_28-500
501,V_28-501
502,V_28-502
503,V_28-503
504,V_28-504
505,V_28-505
506,V_28-506
507,V_28-507
508,V_28-508
509,V_28-509
510,V_28-510
511,V_28-511
512,V_28-512
513,V_28-513
514,V_28-514
515,V_28-515
516,V_28-516
517,V_28-517
518,V_28-518
519,V_28-519
520,V_28-520
521,V_28-521
522,V_28-522
523,V_28-523
524,V_28-524
525,V_28-525
526,V_28-526
527,V_28-527
528,V_28-528
529,V_28-529
530,V_28-530
531,V_28-531
532,V_28-532
533,V_28-533
534,V_28-534
535,V_28-535
536,V_28-536
537,V_28-537
538,V_28-538
539,V_28-539
540,V_28-540
541,V_28-541
542,V_28-542
543,V_28-543
544,V_28-544
545,V_28-545
546,V_28-546
547,V_28-547
548,V_28-548
549,V_28-549
550,V_28-550
551,V_28-551
552,V_28-552
553,V_28-553
554,V_28-554
555,V_28-555
556,V_28-556
557,V_28-557
558,V_28-558
559,V_28-559
560,V_28-560
561,V_28-561
562,V_28-562
563,V_28-563
564,V_28-564
565,V_28-565
566,V_28-566
567,V_28-567
568,V_28-568
569,V_28-569
570,V_28-570
571,V_28-571
572,V_28-572
573,V_28-573
574,V_28-574
575,V_28-575
576,V_28-576
577,V_28-577
578,V_28-578
579,V_28-579
580,V_28-580
581,V_28-581
582,V_28-582
583,V_28-583
584,V_28-584
585,V_28-585
586,V_28-586
587,V_28-587
588,V_28-588
589,V_28-589
590,V_28-590
591,V_28-591
592,V_28-592
593,V_28-593
594,V_28-594
595,V_28-595
596,V_28-596
597,V_28-597
598,V_28-598
599,V_28-599
600,V_28-600
601,V_28-601
602,V_28-602
603,V_28-603
604,V_28-604
605,V_28-605
606,V_28-606
607,V_28-607
608,V_28-608
609,V_28-609
610,V_28-610
611,V_28-611
612,V_28-612
613,V_28-613
614,V_28-614
615,V_28-615
616,V_28-616
617,V_28-617
618,V_28-618
619,V_28-619
620,V_28-620
621,V_28-621
622,V_28-622
623,V_28-623
624,V_28-624
625,V_28-625
626,V_28-626
627,V_28-627
628,V_28-628
629,V_28-629
630,V_28-630
631,V_28-631
632,V_28-632
633,V_28-633
634,V_28-634
635,V_28-635
636,V_28-636
637,V_28-637
638,V_28-638
639,V_28-639
640,V_28-640
641,V_28-641
642,V_28-642
643,V_28-643
644,V_28-644
645,V_28-645
646,V_28-646
647,V_28-647
648,V_28-648
649,V_28-649
650,V_28-650
651,V_28-651
652,V_28-652
653,V_28-653
654,V_28-654
655,V_28-655
656,V_28-656
657,V_28-657
658,V_28-658
659,V_28-659
660,V_28-660
661,V_28-661
662,V_28-662
663,V_28-663
664,V_28-664
665,V_28-665
666,V_28-666
667,V_28-667
668,V_28-668
669,V_28-669
670,V_28-670
671,V_28-671
672,V_28-672
673,V_28-673
674,V_28-674
675,V_28-675
676,V_28-676
677,V_28-677
678,V_28-678
679,V_28-679
680,V_28-680
681,V_28-681
682,V_28-682
683,V_28-683
684,V_28-684
685,V_28-685
686,V_28-686
687,V_28-687
688,V_28-688
689,V_28-689
690,V_28-690
691,V_28-691
692,V_28-692
693,V_28-693
694,V_28-694
695,V_28-695
696,V_28-696
697,V_28-697
698,V_28-698
699,V_28-699
700,V_28-700
701,V_28-701
702,V_28-702
703,V_28-703
704,V_28-704
705,V_28-705
706,V_28-706
707,V_28-707
708,V_28-708
709,V_28-709
710,V_28-710
711,V_28-711
712,V_28-712
713,V_28-713
714,V_28-714
715,V_28-715
716,V_28-716
717,V_28-717
718,V_28-718
719,V_28-719
720,V_28-720
721,V_28-721
722,V_28-722
723,V_28-723
724,V_28-724
725,V_28-725
726,V_28-726
727,V_28-727
728,V_28-728
729,V_28-729
730,V_28-730
731,V_28-731
732,V_28-732
733,V_28-733
734,V_28-734
735,V_28-735
736,V_28-736
737,V_28-737
738,V_28-738
739,V_28-739
740,V_28-740
741,V_28-741
742,V_28-742
743,V_28-743
744,V_28-744
745,V_28-745
746,V_28-746
747,V_28-747
748,V_28-748
749,V_28-749
750,V_28-750
751,V_28-751
752,V_28-752
753,V_28-753
754,V_28-754
755,V_28-755
756,V_28-756
757,V_28-757
758,V_28-758
759,V_28-759
760,V_28-760
761,V_28-761
762,V_28-762
763,V_28-763
764,V_28-764
765,V_28-765
766,V_28-766
767,V_28-767
768,V_28-768
769,V_28-769
770,V_28-770
771,V_28-771
772,V_28-772
773,V_28-773
774,V_28-774
775,V_28-775
776,V_28-776
777,V_28-777
778,V_28-778
779,V_28-779
780,V_28-780
781,V_28-781
782,V_28-782
783,V_28-783
784,V_28-784
785,V_28-785
786,V_28-786
787,V_28-787
788,V_28-788
789,V_28-789
790,V_28-790
791,V_28-791
792,V_28-792
793,V_28-793
794,V_28-794
795,V_28-795
796,V_28-796
797,V_28-797
798,V_28-798
799,V_28-799
800,V_28-800
801,V_28-801
802,V_28-802
803,V_28-803
804,V_28-804
805,V_28-805
806,V_28-806
807,V_28-807
808,V_28-808
809,V_28-809
810,V_28-810
811,V_28-811
812,V_28-812
813,V_28-813
814,V_28-814
815,V_28-815
816,V_28-816
817,V_28-817
818,V_28-818
819,V_28-819
820,V_28-820
821,V_28-821
822,V_28-822
823,V_28-823
824,V_28-824
825,V_28-825
826,V_28-826
827,V_28-827
828,V_28-828
829,V_28-829
830,V_28-830
831,V_28-831
832,V_28-832
833,V_28-833
834,V_28-834
835,V_28-835
836,V_28-836
837,V_28-837
838,V_28-838
839,V_28-839
840,V_28-840
841,V_28-841
842,V_28-842
843,V_28-843
844,V_28-844
845,V_28-845
846,V_28-846
847,V_28-847
848,V_28-848
849,V_28-849
850,V_28-850
851,V_28-851
852,V_28-852
853,V_28-853
854,V_28-854
855,V_28-855
856,V_28-856
857,V_28-857
858,V_28-858
859,V_28-859
860,V_28-860
861,V_28-861
862,V_28-862
863,V_28-863
864,V_28-864
865,V_28-865
866,V_28-866
867,V_28-867
868,V_28-868
869,V_28-869
870,V_28-870
871,V_28-871
872,V_28-872
873,V_28-873
874,V_28-874
875,V_28-875
876,V_28-876
877,V_28-877
878,V_28-878
879,V_28-879
880,V_28-880
881,V_28-881
882,V_28-882
883,V_28-883
884,V_28-884
885,V_28-885
886,V_28-886
887,V_28-887
888,V_28-888
889,V_28-889
890,V_28-890
891,V_28-891
892,V_28-892
893,V_28-893
894,V_28-894
895,V_28-895
896,V_28-896
897,V_28-897
898,V_28-898
899,V_28-899
900,V_28-900
901,V_28-901
902,V_28-902
903,V_28-903
904,V_28-904
905,V_28-905
906,V_28-906
907,V_28-907
908,V_28-908
909,V_28-909
910,V_28-910
911,V_28-911
912,V_28-912
913,V_28-913
914,V_28-914
915,V_28-915
916,V_28-916
917,V_28-917
918,V_28-918
919,V_28-919
920,V_28-920
921,V_28-921
922,V_28-922
923,V_28-923
924,V_28-924
925,V_28-925
926,V_28-926
927,V_28-927
928,V_28-928
929,V_28-929
930,V_28-930
931,V_28-931
932,V_28-932
933,V_28-933
934,V_28-934
935,V_28-935
936,V_28-936
937,V_28-937
938,V_28-938
939,V_28-939
940,V_28-940
941,V_28-941
942,V_28-942
943,V_28-943
944,V_28-944
945,V_28-945
946,V_28-946
947,V_28-947
948,V_28-948
949,V_28-949
950,V_28-950
951,V_28-951
952,V_28-952
953,V_28-953
954,V_28-954
955,V_28-955
956,V_28-956
957,V_28-957
958,V_28-958
959,V_28-959
960,V_28-960
961,V_28-961
962,V_28-962
963,V_28-963
964,V_28-964
965,V_28-965
966,V_28-966
967,V_28-967
968,V_28-968
969,V_28-969
970,V_28-970
971,V_28-971
972,V_28-972
973,V_28-973
974,V_28-974
975,V_28-975
976,V_28-976
977,V_28-977
978,V_28-978
979,V_28-979
980,V_28-980
981,V_28-981
982,V_28-982
983,V_28-983
984,V_28-984
985,V_28-985
986,V_28-986
987,V_28-987
988,V_28-988
989,V_28-989
990,V_28-990
991,V_28-991
992,V_28-992
993,V_28-993
994,V_28-994
995,V_28-995
996,V_28-996
997,V_28-997
998,V_28-998
999,V_28-999
1000,V_28-1000
